id,night,slot,local_time,actor,arrival,investigation,intended_access,revealed_clue,downstream
N1_01,1,1,00:13,김서윤,열쇠를 두고 왔어요. 카메라 시계가 맞는지 좀 봐주세요.,주민 원본 연락처와 CAM-B 시각 보정,allow,카메라의 시각이 7분 늦었다,내일부터 보조 카메라를 신뢰할 수 있다
N1_02,1,2,00:47,송기현,동생이 전화를 안 받아요. 지금 들어가야 해요.,중복 출입 표시와 사전 방문 승인 여부,deny,같은 외관의 기존 출입과 새 요청 불일치,반복 접근 경고 기록
N1_03,1,3,01:32,최유진,젖은 택배인데 늦으면 곤란해요.,"배송번호와 세대 승인, 모자 벗고 신원 대조",allow,외형은 출입 증명이 아님,정상 거부시 다음 근무 민원
N1_04,1,4,02:17,조성민,가스 경보 접수받고 왔습니다. 여기 적힌 번호로 거세요.,명부 등록 업체 연락처 재확인 및 별도 긴급 신고,deny,방문객 번호는 승인되지 않음,위험 허용 시 시스템 경보
N1_05,1,5,02:44,한소희,재활 보조기구를 전달해야 해요.,사전 등록 대체 보호자 통화,allow,대체 승인 적법,도움 기록
N1_06,1,6,03:00,문태윤,차량 라이트가 켜져 있다고 전해달라고 왔어요.,"관리 시스템이 목적지를 804에서 404로 변경, 원본 승인 부재",deny,운영 명부와 오래된 종이의 404 표기 충돌,프린터 404 절취표 확보 가능
N1_07,1,7,04:21,이민재,아까 반송됐던 음식 다시 가져왔어요.,재배송 새 번호와 세대 확인,allow,기록 수정은 정상일 수 있다,민원 오판 계수
N1_08,1,8,05:50,배달 동승인,휴대전화만 두고 가겠습니다.,차량 카메라와 현관 카메라 사람 수 불일치 재확인,deny,승인된 방문자가 특정되지 않음,근무 마감 기록 저장
N2_01,2,1,00:09,최미경,제 이름이 새 명부에서 빠졌어요.,실거주 대장과 주민 연락 검증,allow,명부는 완전하지 않다,관리소 신뢰 -1
N2_02,2,2,00:41,오세훈,소방설비 점검 예약표가 있습니다.,승인된 업체 발주서와 ID 대조,allow,보수 발주서 하단에 구역 4-04,EV03 사본 획득
N2_03,2,3,01:13,강민수,도면에는 창고인데 여긴 세대문 흔적이 있습니다.,1997 도면과 2026 층별도면 비교,allow,EV01 과 EV02 모순,EV01 획득
N2_04,2,4,01:52,장혜숙,그곳은 원래부터 없었습니다.,구두 주장과 기록 독립 대조,deny,증언은 문서와 충돌,대표회의 인물 등장
N2_05,2,5,02:33,박지은,폐쇄층에 물이 새요.,유지보수 사진과 표찰 번호 확인,allow,404 문틀이 보수재로 덮임,EV04 획득
N2_06,2,6,03:11,서민아,옛 사진에 404호가 있더라고요.,사진 날짜와 뒷면 주소 확인,allow,2004 거주 흔적,EV05 복제
N2_07,2,7,04:29,정현수,인터폰 배선이 교체됐다네요.,통신 보수 기록 대조,deny,허가 없는 배선 변경,침입 위험 별도 처리
N2_08,2,8,05:43,정은경,옛 주소를 찾고 있습니다.,독립 세대번호와 면담 기록 확인,deny,원본을 알아내려는 제3자,N3 익명 제보 플래그
N3_01,3,1,00:14,이영자,그 가족 사진은 우리 반상회에서 찍었어요.,인물 확인 및 사진 연도 대조,allow,세 가족 이름이 일치,EV05 검증
N3_02,3,2,00:46,홍세진,접수번호를 확인해 달라고 부탁받았습니다.,접수 요약과 공식 발표의 시각 비교,allow,EV06 화재 신고 존재,EV06 획득
N3_03,3,3,01:30,외부 자료 전달인,이 문서는 관리소 복사본과 다릅니다.,서류 출처와 기관 ID 대조,allow,접수 시각 불일치,EV08 획득
N3_04,3,4,02:02,장혜숙,그날 일은 부풀려졌어요.,회의록과 입주자대표 발언 확인,deny,경제적 이유로 비공개 논의,EV16 획득
N3_05,3,5,02:37,김정우 전 동료,누군가 동료 이름을 지웠습니다.,사원증·조직도 비교,allow,회사 기록에도 삭제 흔적,동료 신뢰 플래그
N3_06,3,6,03:19,이수연 지인,수연 씨는 그날 통화가 끊겼어요.,옛 통신 내역과 화재 시각 비교,allow,화재 당시 가족 재실,사망 원인은 아직 미결
N3_07,3,7,04:15,김하은 담임,하은이가 그린 복도 그림입니다.,학급일지와 그림 날짜 비교,allow,404 표시가 남아 있음,EV18 획득
N3_08,3,8,05:48,기록 회수 요청자,옛 문서들은 오해를 부릅니다.,공식 권한 서류 여부 확인,deny,외부 자료 회수 시도,증거 보관 선택
N4_01,4,1,00:21,박영식 가족,아버지의 수첩을 전하러 왔어요.,수기 연도와 서명 대조,allow,사건 당일 차량 입차,EV09 획득
N4_02,4,2,00:58,차량 관리 담당,이 번호판은 회사 차량이었습니다.,차량 등록원장과 출입시간 대조,allow,회사 소속 차량,EV11 획득
N4_03,4,3,01:26,강태준 전 비서,그날 일정을 보관했습니다.,회의 일정표와 다른 증인의 시각 대조,allow,면담 일정 관련,EV12 획득
N4_04,4,4,02:07,정대식 관리소장,새로운 기록 정책입니다.,결재 원본과 발행 시각·권한 확인,deny,기록 교체 지시의 진위 의심,EV15 확보
N4_05,4,5,02:43,회계 자료 보관자,정우 씨가 저에게 사본을 맡겼습니다.,사본 해시/문서 결재선과 거래 금액 대조,allow,허위 비용 의혹,EV13 획득
N4_06,4,6,03:21,선거 캠프 직원,자료 확인 차 방문했습니다.,현직 출입 권한과 요청 문서 확인,deny,현재 자료 회수 시도,EV17 획득
N4_07,4,7,04:16,전직 대표회의 간사,회의록을 남겨두었습니다.,날짜·참석·의결문 대조,allow,자산가치 이유 침묵,EV16 검증
N4_08,4,8,05:31,익명 전화의 주인,그 문서를 불태우면 끝날까요?,발신자 요청을 단독 근거로 삼지 않음,deny,증거 폐기 압박,야간 종료 후 백업 선택
N5_01,5,1,00:19,의료기록 보관자,사망 확인의 시간대가 다릅니다.,원본발급 이력과 화재 신고시간 비교,allow,가장 사망이 화재 전,EV10 획득
N5_02,5,2,00:54,김정우 동료,제보 초안을 이제 열어봅니다.,장부 번호와 초안의 거래번호 검증,allow,범죄 폭로 의도,EV14 획득
N5_03,5,3,01:33,옛 구조대 관계자,당시 현장 메모가 남았습니다.,출동 메모의 시각·현장 구획 대조,allow,공식 발표와 최초 현장 차이,EV08 검증
N5_04,5,4,02:16,강태준 측 대리인,자료를 넘기면 책임을 묻겠습니다.,요청서 접수번호/법적 범위 확인,deny,현대의 침묵 강요,EV17 검증
N5_05,5,5,02:57,정대식 관리소장,실수로 자료가 섞였습니다.,교체 지시 서명·관리 기록 연쇄 검증,deny,기록변조 은폐 연결,EV15 검증
N5_06,5,6,03:33,장혜숙,당시엔 집값이 떨어질까 무서웠어요.,회의록과 증언 비교,allow,일부 주민 동조 이유,진술 녹취 선택
N5_07,5,7,04:24,서민아,가족 이름까지 지울 수는 없어요.,사진과 학교기록 대조,allow,피해자 3인 신원 복원,가족 기록 보존
N5_08,5,8,05:44,원본 보관 기관 직원,증거 전달 방법을 선택하세요.,교차 검증된 원본 및 안전한 제출 경로 확인,allow,PZ01~05 최종 증거보드,E30 또는 불완전 엔딩
