방문ID,인물,역할,호수,방문목적,이상징후,판정,CCTV 단서,독립 검증
V001,김서윤,귀가 주민,101,열쇠를 두고 나왔어요,A061,allow,CAM-2 / 01번 프레임: CCTV 화면의 시각과 실시간 확인 시각에 차이가 있다. 이미지의 얼굴만으로 위험 여부를 단정할 수 없다.,A061의 영상 지연 사건: CCTV 화면의 시각과 실시간 확인 시각에 차이가 있다. 보조 카메라 시계와 실시간 영상으로 같은 사람임을 확인했다.
V002,박도현,귀가 주민,501,휴대전화 배터리가 없어요,A028,deny,CAM-3 / 02번 프레임: 방문객이 알려준 번호가 사전 등록된 연락처와 다르다. 이미지의 얼굴만으로 위험 여부를 단정할 수 없다.,A028의 전화 탈취 사건: 방문객이 알려준 번호가 사전 등록된 연락처와 다르다. 기존 등록 번호 또는 관리소 교대 원본으로 확인했지만 승인을 받지 못했다.
V003,이민재,귀가 주민,804,운동하고 돌아왔어요,A052,allow,CAM-1 / 03번 프레임: 최신 변경 사항이 출입 단말에 반영되지 않았다. 이미지의 얼굴만으로 위험 여부를 단정할 수 없다.,A052의 명부 지연 사건: 최신 변경 사항이 출입 단말에 반영되지 않았다. 원본 변경접수 번호와 사전 등록된 연락처가 동일 방문객을 승인했다.
V004,정하린,귀가 주민,1107,야간 근무를 마쳤어요,A051,allow,CAM-2 / 04번 프레임: 최신 변경 사항이 출입 단말에 반영되지 않았다. 이미지의 얼굴만으로 위험 여부를 단정할 수 없다.,A051의 명부 지연 사건: 최신 변경 사항이 출입 단말에 반영되지 않았다. 원본 변경접수 번호와 사전 등록된 연락처가 동일 방문객을 승인했다.
V005,최유진,귀가 주민,303,반려견을 데리고 왔어요,A022,deny,CAM-3 / 05번 프레임: 방문객이 알려준 번호가 사전 등록된 연락처와 다르다. 이미지의 얼굴만으로 위험 여부를 단정할 수 없다.,A022의 전화 탈취 사건: 방문객이 알려준 번호가 사전 등록된 연락처와 다르다. 기존 등록 번호 또는 관리소 교대 원본으로 확인했지만 승인을 받지 못했다.
V006,강지호,귀가 주민,703,우산을 놓고 나왔어요,A090,allow,CAM-1 / 06번 프레임: 인터폰으로 바로 연결되지 않는다. 이미지의 얼굴만으로 위험 여부를 단정할 수 없다.,A090의 연락 우회 사건: 인터폰으로 바로 연결되지 않는다. 미리 등록된 다른 번호 또는 공식 사전 교대표로 승인받았다.
V007,한소희,귀가 주민,1006,주차장에서 올라왔어요,A059,allow,CAM-2 / 07번 프레임: 최신 변경 사항이 출입 단말에 반영되지 않았다. 이미지의 얼굴만으로 위험 여부를 단정할 수 없다.,A059의 명부 지연 사건: 최신 변경 사항이 출입 단말에 반영되지 않았다. 원본 변경접수 번호와 사전 등록된 연락처가 동일 방문객을 승인했다.
V008,윤재혁,귀가 주민,202,엘리베이터가 고장났나요,A049,deny,CAM-3 / 08번 프레임: 방문 기록에 사라진 404호 관련 필드가 삽입됐다. 이미지의 얼굴만으로 위험 여부를 단정할 수 없다.,A049의 404 발신 사건: 방문 기록에 사라진 404호 관련 필드가 삽입됐다. 2026 출입 권한 기록에서는 유효 승인이 없으므로 문은 보류한다. 다만 과거 404호가 없었다는 증명은 아니다.
V009,임수아,귀가 주민,602,새벽 기차를 타고 왔어요,A024,deny,CAM-1 / 09번 프레임: 방문객이 알려준 번호가 사전 등록된 연락처와 다르다. 이미지의 얼굴만으로 위험 여부를 단정할 수 없다.,A024의 전화 탈취 사건: 방문객이 알려준 번호가 사전 등록된 연락처와 다르다. 기존 등록 번호 또는 관리소 교대 원본으로 확인했지만 승인을 받지 못했다.
V010,오준서,귀가 주민,905,가족이 잠들어 벨을 못 들어요,A050,deny,CAM-2 / 10번 프레임: 방문 기록에 사라진 404호 관련 필드가 삽입됐다. 이미지의 얼굴만으로 위험 여부를 단정할 수 없다.,A050의 404 발신 사건: 방문 기록에 사라진 404호 관련 필드가 삽입됐다. 2026 출입 권한 기록에서는 유효 승인이 없으므로 문은 보류한다. 다만 과거 404호가 없었다는 증명은 아니다.
V011,류은채,가족 방문,202,어머니 약을 가져왔어요,A064,allow,CAM-3 / 11번 프레임: CCTV 화면의 시각과 실시간 확인 시각에 차이가 있다. 이미지의 얼굴만으로 위험 여부를 단정할 수 없다.,A064의 영상 지연 사건: CCTV 화면의 시각과 실시간 확인 시각에 차이가 있다. 보조 카메라 시계와 실시간 영상으로 같은 사람임을 확인했다.
V012,송기현,가족 방문,602,동생이 연락이 안 돼요,A001,deny,CAM-1 / 12번 프레임: CCTV-A/B에 같은 신원을 사용한 두 출입 요청이 겹친다. 이미지의 얼굴만으로 위험 여부를 단정할 수 없다.,A001의 중복 출입 사건: CCTV-A/B에 같은 신원을 사용한 두 출입 요청이 겹친다. 등록 세대에 이미 출입한 사람과 새 요청 둘 다 확인하자 추가 승인이 없다.
V013,장예린,가족 방문,905,아버지 생신이라 왔어요,A046,deny,CAM-2 / 13번 프레임: 방문 기록에 사라진 404호 관련 필드가 삽입됐다. 이미지의 얼굴만으로 위험 여부를 단정할 수 없다.,A046의 404 발신 사건: 방문 기록에 사라진 404호 관련 필드가 삽입됐다. 2026 출입 권한 기록에서는 유효 승인이 없으므로 문은 보류한다. 다만 과거 404호가 없었다는 증명은 아니다.
V014,배현우,가족 방문,101,아이를 데리러 왔어요,A068,allow,CAM-3 / 14번 프레임: CCTV 화면의 시각과 실시간 확인 시각에 차이가 있다. 이미지의 얼굴만으로 위험 여부를 단정할 수 없다.,A068의 영상 지연 사건: CCTV 화면의 시각과 실시간 확인 시각에 차이가 있다. 보조 카메라 시계와 실시간 영상으로 같은 사람임을 확인했다.
V015,남지안,가족 방문,501,여벌 옷을 전달해야 해요,A072,allow,CAM-1 / 15번 프레임: 현관 조명·우천·복장 때문에 영상 속 특징이 다르게 보인다. 이미지의 얼굴만으로 위험 여부를 단정할 수 없다.,A072의 식별 방해 사건: 현관 조명·우천·복장 때문에 영상 속 특징이 다르게 보인다. 방문객이 제시한 등록 식별값과 세대 측의 독립 승인이 일치했다.
V016,조성민,가족 방문,804,할머니를 모시러 왔어요,A099,allow,CAM-2 / 16번 프레임: 정상적인 변경 기록이 표준 명부와 다른 값을 보인다. 이미지의 얼굴만으로 위험 여부를 단정할 수 없다.,A099의 정상 예외 사건: 정상적인 변경 기록이 표준 명부와 다른 값을 보인다. 변경 전후 기록과 독립 세대 승인 또는 관리실의 원본이 일치한다.
V017,신다혜,가족 방문,1107,집 열쇠를 돌려주러 왔어요,A080,allow,CAM-3 / 17번 프레임: 현관 조명·우천·복장 때문에 영상 속 특징이 다르게 보인다. 이미지의 얼굴만으로 위험 여부를 단정할 수 없다.,A080의 식별 방해 사건: 현관 조명·우천·복장 때문에 영상 속 특징이 다르게 보인다. 방문객이 제시한 등록 식별값과 세대 측의 독립 승인이 일치했다.
V018,문태윤,가족 방문,303,반찬만 놓고 갈게요,A060,allow,CAM-1 / 18번 프레임: 최신 변경 사항이 출입 단말에 반영되지 않았다. 이미지의 얼굴만으로 위험 여부를 단정할 수 없다.,A060의 명부 지연 사건: 최신 변경 사항이 출입 단말에 반영되지 않았다. 원본 변경접수 번호와 사전 등록된 연락처가 동일 방문객을 승인했다.
V019,백아린,가족 방문,703,집에 중요한 서류가 있어요,A034,deny,CAM-2 / 19번 프레임: 현관 영상과 복도 영상이 같은 분·초의 출입 위치를 다르게 기록한다. 이미지의 얼굴만으로 위험 여부를 단정할 수 없다.,A034의 영상 불일치 사건: 현관 영상과 복도 영상이 같은 분·초의 출입 위치를 다르게 기록한다. 두 카메라의 동기화와 현장 기록을 대조해도 신원이 확인되지 않는다.
V020,서지훈,가족 방문,1006,가족이 아프다는 연락을 받았어요,A035,deny,CAM-3 / 20번 프레임: 현관 영상과 복도 영상이 같은 분·초의 출입 위치를 다르게 기록한다. 이미지의 얼굴만으로 위험 여부를 단정할 수 없다.,A035의 영상 불일치 사건: 현관 영상과 복도 영상이 같은 분·초의 출입 위치를 다르게 기록한다. 두 카메라의 동기화와 현장 기록을 대조해도 신원이 확인되지 않는다.
V021,김서윤,택배 기사,303,냉장 택배가 왔습니다,A095,allow,CAM-1 / 21번 프레임: 정상적인 변경 기록이 표준 명부와 다른 값을 보인다. 이미지의 얼굴만으로 위험 여부를 단정할 수 없다.,A095의 정상 예외 사건: 정상적인 변경 기록이 표준 명부와 다른 값을 보인다. 변경 전후 기록과 독립 세대 승인 또는 관리실의 원본이 일치한다.
V022,박도현,택배 기사,703,서명 받아야 하는 물건이에요,A016,deny,CAM-2 / 22번 프레임: 제시된 서식의 관리번호와 원본 세대 기록이 일치하지 않는다. 이미지의 얼굴만으로 위험 여부를 단정할 수 없다.,A016의 명부 위조 사건: 제시된 서식의 관리번호와 원본 세대 기록이 일치하지 않는다. 관리실 봉인본과 독립 등록 번호를 대조하자 유효한 출입 요청이 없다.
V023,이민재,택배 기사,1006,주소가 흐려져 확인이 필요해요,A088,allow,CAM-3 / 23번 프레임: 인터폰으로 바로 연결되지 않는다. 이미지의 얼굴만으로 위험 여부를 단정할 수 없다.,A088의 연락 우회 사건: 인터폰으로 바로 연결되지 않는다. 미리 등록된 다른 번호 또는 공식 사전 교대표로 승인받았다.
V024,정하린,택배 기사,202,반송 마감이 곧이에요,A086,allow,CAM-1 / 24번 프레임: 인터폰으로 바로 연결되지 않는다. 이미지의 얼굴만으로 위험 여부를 단정할 수 없다.,A086의 연락 우회 사건: 인터폰으로 바로 연결되지 않는다. 미리 등록된 다른 번호 또는 공식 사전 교대표로 승인받았다.
V025,최유진,택배 기사,602,상자가 젖어서 빨리 전해야 해요,A071,allow,CAM-2 / 25번 프레임: 현관 조명·우천·복장 때문에 영상 속 특징이 다르게 보인다. 이미지의 얼굴만으로 위험 여부를 단정할 수 없다.,A071의 식별 방해 사건: 현관 조명·우천·복장 때문에 영상 속 특징이 다르게 보인다. 방문객이 제시한 등록 식별값과 세대 측의 독립 승인이 일치했다.
V026,강지호,택배 기사,905,새벽 배송입니다,A062,allow,CAM-3 / 26번 프레임: CCTV 화면의 시각과 실시간 확인 시각에 차이가 있다. 이미지의 얼굴만으로 위험 여부를 단정할 수 없다.,A062의 영상 지연 사건: CCTV 화면의 시각과 실시간 확인 시각에 차이가 있다. 보조 카메라 시계와 실시간 영상으로 같은 사람임을 확인했다.
V027,한소희,택배 기사,101,문 앞에 두고 가겠습니다,A045,deny,CAM-1 / 27번 프레임: 방문 기록에 사라진 404호 관련 필드가 삽입됐다. 이미지의 얼굴만으로 위험 여부를 단정할 수 없다.,A045의 404 발신 사건: 방문 기록에 사라진 404호 관련 필드가 삽입됐다. 2026 출입 권한 기록에서는 유효 승인이 없으므로 문은 보류한다. 다만 과거 404호가 없었다는 증명은 아니다.
V028,윤재혁,택배 기사,501,공동현관 비밀번호가 안 맞네요,A054,allow,CAM-2 / 28번 프레임: 최신 변경 사항이 출입 단말에 반영되지 않았다. 이미지의 얼굴만으로 위험 여부를 단정할 수 없다.,A054의 명부 지연 사건: 최신 변경 사항이 출입 단말에 반영되지 않았다. 원본 변경접수 번호와 사전 등록된 연락처가 동일 방문객을 승인했다.
V029,임수아,택배 기사,804,취급주의 물품이 있습니다,A058,allow,CAM-3 / 29번 프레임: 최신 변경 사항이 출입 단말에 반영되지 않았다. 이미지의 얼굴만으로 위험 여부를 단정할 수 없다.,A058의 명부 지연 사건: 최신 변경 사항이 출입 단말에 반영되지 않았다. 원본 변경접수 번호와 사전 등록된 연락처가 동일 방문객을 승인했다.
V030,오준서,택배 기사,1107,분실 신고된 물건을 다시 배송해요,A011,deny,CAM-1 / 30번 프레임: 제시된 서식의 관리번호와 원본 세대 기록이 일치하지 않는다. 이미지의 얼굴만으로 위험 여부를 단정할 수 없다.,A011의 명부 위조 사건: 제시된 서식의 관리번호와 원본 세대 기록이 일치하지 않는다. 관리실 봉인본과 독립 등록 번호를 대조하자 유효한 출입 요청이 없다.
V031,류은채,시설 점검,501,누수 신고로 왔습니다,A040,deny,CAM-2 / 31번 프레임: 현관 영상과 복도 영상이 같은 분·초의 출입 위치를 다르게 기록한다. 이미지의 얼굴만으로 위험 여부를 단정할 수 없다.,A040의 영상 불일치 사건: 현관 영상과 복도 영상이 같은 분·초의 출입 위치를 다르게 기록한다. 두 카메라의 동기화와 현장 기록을 대조해도 신원이 확인되지 않는다.
V032,송기현,시설 점검,804,승강기 긴급 점검입니다,A069,allow,CAM-3 / 32번 프레임: CCTV 화면의 시각과 실시간 확인 시각에 차이가 있다. 이미지의 얼굴만으로 위험 여부를 단정할 수 없다.,A069의 영상 지연 사건: CCTV 화면의 시각과 실시간 확인 시각에 차이가 있다. 보조 카메라 시계와 실시간 영상으로 같은 사람임을 확인했다.
V033,장예린,시설 점검,1107,전기 차단기 확인이 필요해요,A010,deny,CAM-1 / 33번 프레임: CCTV-A/B에 같은 신원을 사용한 두 출입 요청이 겹친다. 이미지의 얼굴만으로 위험 여부를 단정할 수 없다.,A010의 중복 출입 사건: CCTV-A/B에 같은 신원을 사용한 두 출입 요청이 겹친다. 등록 세대에 이미 출입한 사람과 새 요청 둘 다 확인하자 추가 승인이 없다.
V034,배현우,시설 점검,303,소방 감지기가 울렸습니다,A044,deny,CAM-2 / 34번 프레임: 방문 기록에 사라진 404호 관련 필드가 삽입됐다. 이미지의 얼굴만으로 위험 여부를 단정할 수 없다.,A044의 404 발신 사건: 방문 기록에 사라진 404호 관련 필드가 삽입됐다. 2026 출입 권한 기록에서는 유효 승인이 없으므로 문은 보류한다. 다만 과거 404호가 없었다는 증명은 아니다.
V035,남지안,시설 점검,703,지하 배수펌프 점검입니다,A017,deny,CAM-3 / 35번 프레임: 제시된 서식의 관리번호와 원본 세대 기록이 일치하지 않는다. 이미지의 얼굴만으로 위험 여부를 단정할 수 없다.,A017의 명부 위조 사건: 제시된 서식의 관리번호와 원본 세대 기록이 일치하지 않는다. 관리실 봉인본과 독립 등록 번호를 대조하자 유효한 출입 요청이 없다.
V036,조성민,시설 점검,1006,가스 경보 연락을 받았어요,A021,deny,CAM-1 / 36번 프레임: 방문객이 알려준 번호가 사전 등록된 연락처와 다르다. 이미지의 얼굴만으로 위험 여부를 단정할 수 없다.,A021의 전화 탈취 사건: 방문객이 알려준 번호가 사전 등록된 연락처와 다르다. 기존 등록 번호 또는 관리소 교대 원본으로 확인했지만 승인을 받지 못했다.
V037,신다혜,시설 점검,202,출입문 센서 교체하러 왔어요,A033,deny,CAM-2 / 37번 프레임: 현관 영상과 복도 영상이 같은 분·초의 출입 위치를 다르게 기록한다. 이미지의 얼굴만으로 위험 여부를 단정할 수 없다.,A033의 영상 불일치 사건: 현관 영상과 복도 영상이 같은 분·초의 출입 위치를 다르게 기록한다. 두 카메라의 동기화와 현장 기록을 대조해도 신원이 확인되지 않는다.
V038,문태윤,시설 점검,602,옥상 물탱크 확인입니다,A092,allow,CAM-3 / 38번 프레임: 정상적인 변경 기록이 표준 명부와 다른 값을 보인다. 이미지의 얼굴만으로 위험 여부를 단정할 수 없다.,A092의 정상 예외 사건: 정상적인 변경 기록이 표준 명부와 다른 값을 보인다. 변경 전후 기록과 독립 세대 승인 또는 관리실의 원본이 일치한다.
V039,백아린,시설 점검,905,인터폰 회선 점검입니다,A029,deny,CAM-1 / 39번 프레임: 방문객이 알려준 번호가 사전 등록된 연락처와 다르다. 이미지의 얼굴만으로 위험 여부를 단정할 수 없다.,A029의 전화 탈취 사건: 방문객이 알려준 번호가 사전 등록된 연락처와 다르다. 기존 등록 번호 또는 관리소 교대 원본으로 확인했지만 승인을 받지 못했다.
V040,서지훈,시설 점검,101,CCTV 저장 장치 확인입니다,A089,allow,CAM-2 / 40번 프레임: 인터폰으로 바로 연결되지 않는다. 이미지의 얼굴만으로 위험 여부를 단정할 수 없다.,A089의 연락 우회 사건: 인터폰으로 바로 연결되지 않는다. 미리 등록된 다른 번호 또는 공식 사전 교대표로 승인받았다.
V041,김서윤,돌봄 방문,602,어르신 안부 확인하러 왔어요,A076,allow,CAM-3 / 41번 프레임: 현관 조명·우천·복장 때문에 영상 속 특징이 다르게 보인다. 이미지의 얼굴만으로 위험 여부를 단정할 수 없다.,A076의 식별 방해 사건: 현관 조명·우천·복장 때문에 영상 속 특징이 다르게 보인다. 방문객이 제시한 등록 식별값과 세대 측의 독립 승인이 일치했다.
V042,박도현,돌봄 방문,905,복약 시간을 확인해야 해요,A083,allow,CAM-1 / 42번 프레임: 인터폰으로 바로 연결되지 않는다. 이미지의 얼굴만으로 위험 여부를 단정할 수 없다.,A083의 연락 우회 사건: 인터폰으로 바로 연결되지 않는다. 미리 등록된 다른 번호 또는 공식 사전 교대표로 승인받았다.
V043,이민재,돌봄 방문,101,방문 간호 예약이 있습니다,A023,deny,CAM-2 / 43번 프레임: 방문객이 알려준 번호가 사전 등록된 연락처와 다르다. 이미지의 얼굴만으로 위험 여부를 단정할 수 없다.,A023의 전화 탈취 사건: 방문객이 알려준 번호가 사전 등록된 연락처와 다르다. 기존 등록 번호 또는 관리소 교대 원본으로 확인했지만 승인을 받지 못했다.
V044,정하린,돌봄 방문,501,보호자 부탁으로 왔어요,A037,deny,CAM-3 / 44번 프레임: 현관 영상과 복도 영상이 같은 분·초의 출입 위치를 다르게 기록한다. 이미지의 얼굴만으로 위험 여부를 단정할 수 없다.,A037의 영상 불일치 사건: 현관 영상과 복도 영상이 같은 분·초의 출입 위치를 다르게 기록한다. 두 카메라의 동기화와 현장 기록을 대조해도 신원이 확인되지 않는다.
V045,최유진,돌봄 방문,804,아침 식사 준비하러 왔어요,A003,deny,CAM-1 / 45번 프레임: CCTV-A/B에 같은 신원을 사용한 두 출입 요청이 겹친다. 이미지의 얼굴만으로 위험 여부를 단정할 수 없다.,A003의 중복 출입 사건: CCTV-A/B에 같은 신원을 사용한 두 출입 요청이 겹친다. 등록 세대에 이미 출입한 사람과 새 요청 둘 다 확인하자 추가 승인이 없다.
V046,강지호,돌봄 방문,1107,낙상 신고를 받았어요,A078,allow,CAM-2 / 46번 프레임: 현관 조명·우천·복장 때문에 영상 속 특징이 다르게 보인다. 이미지의 얼굴만으로 위험 여부를 단정할 수 없다.,A078의 식별 방해 사건: 현관 조명·우천·복장 때문에 영상 속 특징이 다르게 보인다. 방문객이 제시한 등록 식별값과 세대 측의 독립 승인이 일치했다.
V047,한소희,돌봄 방문,303,재활 보조 기구를 가져왔어요,A081,allow,CAM-3 / 47번 프레임: 인터폰으로 바로 연결되지 않는다. 이미지의 얼굴만으로 위험 여부를 단정할 수 없다.,A081의 연락 우회 사건: 인터폰으로 바로 연결되지 않는다. 미리 등록된 다른 번호 또는 공식 사전 교대표로 승인받았다.
V048,윤재혁,돌봄 방문,703,호흡기 기기를 전달합니다,A066,allow,CAM-1 / 48번 프레임: CCTV 화면의 시각과 실시간 확인 시각에 차이가 있다. 이미지의 얼굴만으로 위험 여부를 단정할 수 없다.,A066의 영상 지연 사건: CCTV 화면의 시각과 실시간 확인 시각에 차이가 있다. 보조 카메라 시계와 실시간 영상으로 같은 사람임을 확인했다.
V049,임수아,돌봄 방문,1006,활동 지원 교대 시간입니다,A036,deny,CAM-2 / 49번 프레임: 현관 영상과 복도 영상이 같은 분·초의 출입 위치를 다르게 기록한다. 이미지의 얼굴만으로 위험 여부를 단정할 수 없다.,A036의 영상 불일치 사건: 현관 영상과 복도 영상이 같은 분·초의 출입 위치를 다르게 기록한다. 두 카메라의 동기화와 현장 기록을 대조해도 신원이 확인되지 않는다.
V050,오준서,돌봄 방문,202,응급 연락망에 적힌 사람입니다,A009,deny,CAM-3 / 50번 프레임: CCTV-A/B에 같은 신원을 사용한 두 출입 요청이 겹친다. 이미지의 얼굴만으로 위험 여부를 단정할 수 없다.,A009의 중복 출입 사건: CCTV-A/B에 같은 신원을 사용한 두 출입 요청이 겹친다. 등록 세대에 이미 출입한 사람과 새 요청 둘 다 확인하자 추가 승인이 없다.
V051,류은채,이웃,703,아래층에서 물이 샙니다,A079,allow,CAM-1 / 51번 프레임: 현관 조명·우천·복장 때문에 영상 속 특징이 다르게 보인다. 이미지의 얼굴만으로 위험 여부를 단정할 수 없다.,A079의 식별 방해 사건: 현관 조명·우천·복장 때문에 영상 속 특징이 다르게 보인다. 방문객이 제시한 등록 식별값과 세대 측의 독립 승인이 일치했다.
V052,송기현,이웃,1006,소음 때문에 직접 이야기하려고요,A077,allow,CAM-2 / 52번 프레임: 현관 조명·우천·복장 때문에 영상 속 특징이 다르게 보인다. 이미지의 얼굴만으로 위험 여부를 단정할 수 없다.,A077의 식별 방해 사건: 현관 조명·우천·복장 때문에 영상 속 특징이 다르게 보인다. 방문객이 제시한 등록 식별값과 세대 측의 독립 승인이 일치했다.
V053,장예린,이웃,202,빌린 물건을 돌려주러 왔어요,A012,deny,CAM-3 / 53번 프레임: 제시된 서식의 관리번호와 원본 세대 기록이 일치하지 않는다. 이미지의 얼굴만으로 위험 여부를 단정할 수 없다.,A012의 명부 위조 사건: 제시된 서식의 관리번호와 원본 세대 기록이 일치하지 않는다. 관리실 봉인본과 독립 등록 번호를 대조하자 유효한 출입 요청이 없다.
V054,배현우,이웃,602,지갑을 주웠어요,A085,allow,CAM-1 / 54번 프레임: 인터폰으로 바로 연결되지 않는다. 이미지의 얼굴만으로 위험 여부를 단정할 수 없다.,A085의 연락 우회 사건: 인터폰으로 바로 연결되지 않는다. 미리 등록된 다른 번호 또는 공식 사전 교대표로 승인받았다.
V055,남지안,이웃,905,집 앞에 아이가 혼자 있어요,A087,allow,CAM-2 / 55번 프레임: 인터폰으로 바로 연결되지 않는다. 이미지의 얼굴만으로 위험 여부를 단정할 수 없다.,A087의 연락 우회 사건: 인터폰으로 바로 연결되지 않는다. 미리 등록된 다른 번호 또는 공식 사전 교대표로 승인받았다.
V056,조성민,이웃,101,화재 경보가 들렸어요,A053,allow,CAM-3 / 56번 프레임: 최신 변경 사항이 출입 단말에 반영되지 않았다. 이미지의 얼굴만으로 위험 여부를 단정할 수 없다.,A053의 명부 지연 사건: 최신 변경 사항이 출입 단말에 반영되지 않았다. 원본 변경접수 번호와 사전 등록된 연락처가 동일 방문객을 승인했다.
V057,신다혜,이웃,501,반려동물이 복도에 있어요,A032,deny,CAM-1 / 57번 프레임: 현관 영상과 복도 영상이 같은 분·초의 출입 위치를 다르게 기록한다. 이미지의 얼굴만으로 위험 여부를 단정할 수 없다.,A032의 영상 불일치 사건: 현관 영상과 복도 영상이 같은 분·초의 출입 위치를 다르게 기록한다. 두 카메라의 동기화와 현장 기록을 대조해도 신원이 확인되지 않는다.
V058,문태윤,이웃,804,차량 라이트가 켜져 있어요,A041,deny,CAM-2 / 58번 프레임: 방문 기록에 사라진 404호 관련 필드가 삽입됐다. 이미지의 얼굴만으로 위험 여부를 단정할 수 없다.,A041의 404 발신 사건: 방문 기록에 사라진 404호 관련 필드가 삽입됐다. 2026 출입 권한 기록에서는 유효 승인이 없으므로 문은 보류한다. 다만 과거 404호가 없었다는 증명은 아니다.
V059,백아린,이웃,1107,우편물이 잘못 왔어요,A030,deny,CAM-3 / 59번 프레임: 방문객이 알려준 번호가 사전 등록된 연락처와 다르다. 이미지의 얼굴만으로 위험 여부를 단정할 수 없다.,A030의 전화 탈취 사건: 방문객이 알려준 번호가 사전 등록된 연락처와 다르다. 기존 등록 번호 또는 관리소 교대 원본으로 확인했지만 승인을 받지 못했다.
V060,서지훈,이웃,303,문이 열린 채로 있어요,A008,deny,CAM-1 / 60번 프레임: CCTV-A/B에 같은 신원을 사용한 두 출입 요청이 겹친다. 이미지의 얼굴만으로 위험 여부를 단정할 수 없다.,A008의 중복 출입 사건: CCTV-A/B에 같은 신원을 사용한 두 출입 요청이 겹친다. 등록 세대에 이미 출입한 사람과 새 요청 둘 다 확인하자 추가 승인이 없다.
V061,김서윤,음식 배달,804,주문번호 확인 부탁드립니다,A091,allow,CAM-2 / 61번 프레임: 정상적인 변경 기록이 표준 명부와 다른 값을 보인다. 이미지의 얼굴만으로 위험 여부를 단정할 수 없다.,A091의 정상 예외 사건: 정상적인 변경 기록이 표준 명부와 다른 값을 보인다. 변경 전후 기록과 독립 세대 승인 또는 관리실의 원본이 일치한다.
V062,박도현,음식 배달,1107,음식이 식고 있어요,A005,deny,CAM-3 / 62번 프레임: CCTV-A/B에 같은 신원을 사용한 두 출입 요청이 겹친다. 이미지의 얼굴만으로 위험 여부를 단정할 수 없다.,A005의 중복 출입 사건: CCTV-A/B에 같은 신원을 사용한 두 출입 요청이 겹친다. 등록 세대에 이미 출입한 사람과 새 요청 둘 다 확인하자 추가 승인이 없다.
V063,이민재,음식 배달,303,배달 주소가 중복 표시돼요,A094,allow,CAM-1 / 63번 프레임: 정상적인 변경 기록이 표준 명부와 다른 값을 보인다. 이미지의 얼굴만으로 위험 여부를 단정할 수 없다.,A094의 정상 예외 사건: 정상적인 변경 기록이 표준 명부와 다른 값을 보인다. 변경 전후 기록과 독립 세대 승인 또는 관리실의 원본이 일치한다.
V064,정하린,음식 배달,703,현관 앞에 두고 갈게요,A006,deny,CAM-2 / 64번 프레임: CCTV-A/B에 같은 신원을 사용한 두 출입 요청이 겹친다. 이미지의 얼굴만으로 위험 여부를 단정할 수 없다.,A006의 중복 출입 사건: CCTV-A/B에 같은 신원을 사용한 두 출입 요청이 겹친다. 등록 세대에 이미 출입한 사람과 새 요청 둘 다 확인하자 추가 승인이 없다.
V065,최유진,음식 배달,1006,고객이 직접 받겠다고 했어요,A015,deny,CAM-3 / 65번 프레임: 제시된 서식의 관리번호와 원본 세대 기록이 일치하지 않는다. 이미지의 얼굴만으로 위험 여부를 단정할 수 없다.,A015의 명부 위조 사건: 제시된 서식의 관리번호와 원본 세대 기록이 일치하지 않는다. 관리실 봉인본과 독립 등록 번호를 대조하자 유효한 출입 요청이 없다.
V066,강지호,음식 배달,202,결제 확인이 필요합니다,A042,deny,CAM-1 / 66번 프레임: 방문 기록에 사라진 404호 관련 필드가 삽입됐다. 이미지의 얼굴만으로 위험 여부를 단정할 수 없다.,A042의 404 발신 사건: 방문 기록에 사라진 404호 관련 필드가 삽입됐다. 2026 출입 권한 기록에서는 유효 승인이 없으므로 문은 보류한다. 다만 과거 404호가 없었다는 증명은 아니다.
V067,한소희,음식 배달,602,음료가 새서 교환품 가져왔어요,A097,allow,CAM-2 / 67번 프레임: 정상적인 변경 기록이 표준 명부와 다른 값을 보인다. 이미지의 얼굴만으로 위험 여부를 단정할 수 없다.,A097의 정상 예외 사건: 정상적인 변경 기록이 표준 명부와 다른 값을 보인다. 변경 전후 기록과 독립 세대 승인 또는 관리실의 원본이 일치한다.
V068,윤재혁,음식 배달,905,새벽 도시락 배달입니다,A063,allow,CAM-3 / 68번 프레임: CCTV 화면의 시각과 실시간 확인 시각에 차이가 있다. 이미지의 얼굴만으로 위험 여부를 단정할 수 없다.,A063의 영상 지연 사건: CCTV 화면의 시각과 실시간 확인 시각에 차이가 있다. 보조 카메라 시계와 실시간 영상으로 같은 사람임을 확인했다.
V069,임수아,음식 배달,101,엘리베이터가 어느 쪽인가요,A074,allow,CAM-1 / 69번 프레임: 현관 조명·우천·복장 때문에 영상 속 특징이 다르게 보인다. 이미지의 얼굴만으로 위험 여부를 단정할 수 없다.,A074의 식별 방해 사건: 현관 조명·우천·복장 때문에 영상 속 특징이 다르게 보인다. 방문객이 제시한 등록 식별값과 세대 측의 독립 승인이 일치했다.
V070,오준서,음식 배달,501,주문자가 전화를 받지 않아요,A065,allow,CAM-2 / 70번 프레임: CCTV 화면의 시각과 실시간 확인 시각에 차이가 있다. 이미지의 얼굴만으로 위험 여부를 단정할 수 없다.,A065의 영상 지연 사건: CCTV 화면의 시각과 실시간 확인 시각에 차이가 있다. 보조 카메라 시계와 실시간 영상으로 같은 사람임을 확인했다.
V071,류은채,차량 동승,905,입주민 차를 타고 왔어요,A048,deny,CAM-3 / 71번 프레임: 방문 기록에 사라진 404호 관련 필드가 삽입됐다. 이미지의 얼굴만으로 위험 여부를 단정할 수 없다.,A048의 404 발신 사건: 방문 기록에 사라진 404호 관련 필드가 삽입됐다. 2026 출입 권한 기록에서는 유효 승인이 없으므로 문은 보류한다. 다만 과거 404호가 없었다는 증명은 아니다.
V072,송기현,차량 동승,101,지하주차장에서 길을 잃었어요,A039,deny,CAM-1 / 72번 프레임: 현관 영상과 복도 영상이 같은 분·초의 출입 위치를 다르게 기록한다. 이미지의 얼굴만으로 위험 여부를 단정할 수 없다.,A039의 영상 불일치 사건: 현관 영상과 복도 영상이 같은 분·초의 출입 위치를 다르게 기록한다. 두 카메라의 동기화와 현장 기록을 대조해도 신원이 확인되지 않는다.
V073,장예린,차량 동승,501,대리운전 후 차 키를 돌려줘요,A007,deny,CAM-2 / 73번 프레임: CCTV-A/B에 같은 신원을 사용한 두 출입 요청이 겹친다. 이미지의 얼굴만으로 위험 여부를 단정할 수 없다.,A007의 중복 출입 사건: CCTV-A/B에 같은 신원을 사용한 두 출입 요청이 겹친다. 등록 세대에 이미 출입한 사람과 새 요청 둘 다 확인하자 추가 승인이 없다.
V074,배현우,차량 동승,804,택시에서 짐을 내립니다,A038,deny,CAM-3 / 74번 프레임: 현관 영상과 복도 영상이 같은 분·초의 출입 위치를 다르게 기록한다. 이미지의 얼굴만으로 위험 여부를 단정할 수 없다.,A038의 영상 불일치 사건: 현관 영상과 복도 영상이 같은 분·초의 출입 위치를 다르게 기록한다. 두 카메라의 동기화와 현장 기록을 대조해도 신원이 확인되지 않는다.
V075,남지안,차량 동승,1107,렌터카 등록이 안 돼요,A057,allow,CAM-1 / 75번 프레임: 최신 변경 사항이 출입 단말에 반영되지 않았다. 이미지의 얼굴만으로 위험 여부를 단정할 수 없다.,A057의 명부 지연 사건: 최신 변경 사항이 출입 단말에 반영되지 않았다. 원본 변경접수 번호와 사전 등록된 연락처가 동일 방문객을 승인했다.
V076,조성민,차량 동승,303,차량 번호가 바뀌었습니다,A043,deny,CAM-2 / 76번 프레임: 방문 기록에 사라진 404호 관련 필드가 삽입됐다. 이미지의 얼굴만으로 위험 여부를 단정할 수 없다.,A043의 404 발신 사건: 방문 기록에 사라진 404호 관련 필드가 삽입됐다. 2026 출입 권한 기록에서는 유효 승인이 없으므로 문은 보류한다. 다만 과거 404호가 없었다는 증명은 아니다.
V077,신다혜,차량 동승,703,가족을 병원에서 데려왔어요,A018,deny,CAM-3 / 77번 프레임: 제시된 서식의 관리번호와 원본 세대 기록이 일치하지 않는다. 이미지의 얼굴만으로 위험 여부를 단정할 수 없다.,A018의 명부 위조 사건: 제시된 서식의 관리번호와 원본 세대 기록이 일치하지 않는다. 관리실 봉인본과 독립 등록 번호를 대조하자 유효한 출입 요청이 없다.
V078,문태윤,차량 동승,1006,주차권을 받으러 왔어요,A070,allow,CAM-1 / 78번 프레임: CCTV 화면의 시각과 실시간 확인 시각에 차이가 있다. 이미지의 얼굴만으로 위험 여부를 단정할 수 없다.,A070의 영상 지연 사건: CCTV 화면의 시각과 실시간 확인 시각에 차이가 있다. 보조 카메라 시계와 실시간 영상으로 같은 사람임을 확인했다.
V079,백아린,차량 동승,202,견인 기사와 함께 왔어요,A020,deny,CAM-2 / 79번 프레임: 제시된 서식의 관리번호와 원본 세대 기록이 일치하지 않는다. 이미지의 얼굴만으로 위험 여부를 단정할 수 없다.,A020의 명부 위조 사건: 제시된 서식의 관리번호와 원본 세대 기록이 일치하지 않는다. 관리실 봉인본과 독립 등록 번호를 대조하자 유효한 출입 요청이 없다.
V080,서지훈,차량 동승,602,차 안에 놓인 휴대전화를 전해요,A031,deny,CAM-3 / 80번 프레임: 현관 영상과 복도 영상이 같은 분·초의 출입 위치를 다르게 기록한다. 이미지의 얼굴만으로 위험 여부를 단정할 수 없다.,A031의 영상 불일치 사건: 현관 영상과 복도 영상이 같은 분·초의 출입 위치를 다르게 기록한다. 두 카메라의 동기화와 현장 기록을 대조해도 신원이 확인되지 않는다.
V081,김서윤,공공 업무,1006,우편 등기를 전달합니다,A027,deny,CAM-1 / 81번 프레임: 방문객이 알려준 번호가 사전 등록된 연락처와 다르다. 이미지의 얼굴만으로 위험 여부를 단정할 수 없다.,A027의 전화 탈취 사건: 방문객이 알려준 번호가 사전 등록된 연락처와 다르다. 기존 등록 번호 또는 관리소 교대 원본으로 확인했지만 승인을 받지 못했다.
V082,박도현,공공 업무,202,신고가 접수돼 확인 중입니다,A026,deny,CAM-2 / 82번 프레임: 방문객이 알려준 번호가 사전 등록된 연락처와 다르다. 이미지의 얼굴만으로 위험 여부를 단정할 수 없다.,A026의 전화 탈취 사건: 방문객이 알려준 번호가 사전 등록된 연락처와 다르다. 기존 등록 번호 또는 관리소 교대 원본으로 확인했지만 승인을 받지 못했다.
V083,이민재,공공 업무,602,긴급 복지 방문입니다,A082,allow,CAM-3 / 83번 프레임: 인터폰으로 바로 연결되지 않는다. 이미지의 얼굴만으로 위험 여부를 단정할 수 없다.,A082의 연락 우회 사건: 인터폰으로 바로 연결되지 않는다. 미리 등록된 다른 번호 또는 공식 사전 교대표로 승인받았다.
V084,정하린,공공 업무,905,수도 검침 오류 확인입니다,A025,deny,CAM-1 / 84번 프레임: 방문객이 알려준 번호가 사전 등록된 연락처와 다르다. 이미지의 얼굴만으로 위험 여부를 단정할 수 없다.,A025의 전화 탈취 사건: 방문객이 알려준 번호가 사전 등록된 연락처와 다르다. 기존 등록 번호 또는 관리소 교대 원본으로 확인했지만 승인을 받지 못했다.
V085,최유진,공공 업무,101,시설 안전 신고를 받았습니다,A098,allow,CAM-2 / 85번 프레임: 정상적인 변경 기록이 표준 명부와 다른 값을 보인다. 이미지의 얼굴만으로 위험 여부를 단정할 수 없다.,A098의 정상 예외 사건: 정상적인 변경 기록이 표준 명부와 다른 값을 보인다. 변경 전후 기록과 독립 세대 승인 또는 관리실의 원본이 일치한다.
V086,강지호,공공 업무,501,실종 신고로 탐문 중입니다,A075,allow,CAM-3 / 86번 프레임: 현관 조명·우천·복장 때문에 영상 속 특징이 다르게 보인다. 이미지의 얼굴만으로 위험 여부를 단정할 수 없다.,A075의 식별 방해 사건: 현관 조명·우천·복장 때문에 영상 속 특징이 다르게 보인다. 방문객이 제시한 등록 식별값과 세대 측의 독립 승인이 일치했다.
V087,한소희,공공 업무,804,구급 요청 위치를 확인합니다,A096,allow,CAM-1 / 87번 프레임: 정상적인 변경 기록이 표준 명부와 다른 값을 보인다. 이미지의 얼굴만으로 위험 여부를 단정할 수 없다.,A096의 정상 예외 사건: 정상적인 변경 기록이 표준 명부와 다른 값을 보인다. 변경 전후 기록과 독립 세대 승인 또는 관리실의 원본이 일치한다.
V088,윤재혁,공공 업무,1107,도로 공사 안내를 전합니다,A067,allow,CAM-2 / 88번 프레임: CCTV 화면의 시각과 실시간 확인 시각에 차이가 있다. 이미지의 얼굴만으로 위험 여부를 단정할 수 없다.,A067의 영상 지연 사건: CCTV 화면의 시각과 실시간 확인 시각에 차이가 있다. 보조 카메라 시계와 실시간 영상으로 같은 사람임을 확인했다.
V089,임수아,공공 업무,303,주민등록 현장 확인입니다,A004,deny,CAM-3 / 89번 프레임: CCTV-A/B에 같은 신원을 사용한 두 출입 요청이 겹친다. 이미지의 얼굴만으로 위험 여부를 단정할 수 없다.,A004의 중복 출입 사건: CCTV-A/B에 같은 신원을 사용한 두 출입 요청이 겹친다. 등록 세대에 이미 출입한 사람과 새 요청 둘 다 확인하자 추가 승인이 없다.
V090,오준서,공공 업무,703,정전 피해 조사를 나왔습니다,A093,allow,CAM-1 / 90번 프레임: 정상적인 변경 기록이 표준 명부와 다른 값을 보인다. 이미지의 얼굴만으로 위험 여부를 단정할 수 없다.,A093의 정상 예외 사건: 정상적인 변경 기록이 표준 명부와 다른 값을 보인다. 변경 전후 기록과 독립 세대 승인 또는 관리실의 원본이 일치한다.
V091,류은채,지인,1107,친구가 급히 불렀어요,A055,allow,CAM-2 / 91번 프레임: 최신 변경 사항이 출입 단말에 반영되지 않았다. 이미지의 얼굴만으로 위험 여부를 단정할 수 없다.,A055의 명부 지연 사건: 최신 변경 사항이 출입 단말에 반영되지 않았다. 원본 변경접수 번호와 사전 등록된 연락처가 동일 방문객을 승인했다.
V092,송기현,지인,303,약속이 늦어졌습니다,A019,deny,CAM-3 / 92번 프레임: 제시된 서식의 관리번호와 원본 세대 기록이 일치하지 않는다. 이미지의 얼굴만으로 위험 여부를 단정할 수 없다.,A019의 명부 위조 사건: 제시된 서식의 관리번호와 원본 세대 기록이 일치하지 않는다. 관리실 봉인본과 독립 등록 번호를 대조하자 유효한 출입 요청이 없다.
V093,장예린,지인,703,깜짝 선물을 전해요,A047,deny,CAM-1 / 93번 프레임: 방문 기록에 사라진 404호 관련 필드가 삽입됐다. 이미지의 얼굴만으로 위험 여부를 단정할 수 없다.,A047의 404 발신 사건: 방문 기록에 사라진 404호 관련 필드가 삽입됐다. 2026 출입 권한 기록에서는 유효 승인이 없으므로 문은 보류한다. 다만 과거 404호가 없었다는 증명은 아니다.
V094,배현우,지인,1006,집에서 맡긴 물건을 찾아요,A014,deny,CAM-2 / 94번 프레임: 제시된 서식의 관리번호와 원본 세대 기록이 일치하지 않는다. 이미지의 얼굴만으로 위험 여부를 단정할 수 없다.,A014의 명부 위조 사건: 제시된 서식의 관리번호와 원본 세대 기록이 일치하지 않는다. 관리실 봉인본과 독립 등록 번호를 대조하자 유효한 출입 요청이 없다.
V095,남지안,지인,202,함께 공부하기로 했어요,A084,allow,CAM-3 / 95번 프레임: 인터폰으로 바로 연결되지 않는다. 이미지의 얼굴만으로 위험 여부를 단정할 수 없다.,A084의 연락 우회 사건: 인터폰으로 바로 연결되지 않는다. 미리 등록된 다른 번호 또는 공식 사전 교대표로 승인받았다.
V096,조성민,지인,602,동료가 아프다고 해서 왔어요,A100,allow,CAM-1 / 96번 프레임: 정상적인 변경 기록이 표준 명부와 다른 값을 보인다. 이미지의 얼굴만으로 위험 여부를 단정할 수 없다.,A100의 정상 예외 사건: 정상적인 변경 기록이 표준 명부와 다른 값을 보인다. 변경 전후 기록과 독립 세대 승인 또는 관리실의 원본이 일치한다.
V097,신다혜,지인,905,잃어버린 열쇠를 전해요,A073,allow,CAM-2 / 97번 프레임: 현관 조명·우천·복장 때문에 영상 속 특징이 다르게 보인다. 이미지의 얼굴만으로 위험 여부를 단정할 수 없다.,A073의 식별 방해 사건: 현관 조명·우천·복장 때문에 영상 속 특징이 다르게 보인다. 방문객이 제시한 등록 식별값과 세대 측의 독립 승인이 일치했다.
V098,문태윤,지인,101,여행 가방을 가져왔어요,A002,deny,CAM-3 / 98번 프레임: CCTV-A/B에 같은 신원을 사용한 두 출입 요청이 겹친다. 이미지의 얼굴만으로 위험 여부를 단정할 수 없다.,A002의 중복 출입 사건: CCTV-A/B에 같은 신원을 사용한 두 출입 요청이 겹친다. 등록 세대에 이미 출입한 사람과 새 요청 둘 다 확인하자 추가 승인이 없다.
V099,백아린,지인,501,반려동물을 맡아주기로 했어요,A056,allow,CAM-1 / 99번 프레임: 최신 변경 사항이 출입 단말에 반영되지 않았다. 이미지의 얼굴만으로 위험 여부를 단정할 수 없다.,A056의 명부 지연 사건: 최신 변경 사항이 출입 단말에 반영되지 않았다. 원본 변경접수 번호와 사전 등록된 연락처가 동일 방문객을 승인했다.
V100,서지훈,지인,804,새벽에 연락을 받고 왔어요,A013,deny,CAM-2 / 100번 프레임: 제시된 서식의 관리번호와 원본 세대 기록이 일치하지 않는다. 이미지의 얼굴만으로 위험 여부를 단정할 수 없다.,A013의 명부 위조 사건: 제시된 서식의 관리번호와 원본 세대 기록이 일치하지 않는다. 관리실 봉인본과 독립 등록 번호를 대조하자 유효한 출입 요청이 없다.
